{"$schema":"http://schema.management.azure.com/schemas/2015-01-01/deploymentTemplate.json#","contentVersion":"1.0.0.0","parameters":{"ProjectLakehouse":{"type":"string"},"ProjectWarehouse":{"type":"string"}},"variables":{},"resources":[{"name":"pl_stg_lookup","type":"pipelines","apiVersion":"2018-06-01","properties":{"activities":[{"name":"Copy Lookup Table","type":"Copy","dependsOn":[],"policy":{"timeout":"0.12:00:00","retry":0,"retryIntervalInSeconds":30,"secureOutput":false,"secureInput":false},"typeProperties":{"source":{"type":"DelimitedTextSource","storeSettings":{"type":"LakehouseReadSettings","recursive":true,"enablePartitionDiscovery":false},"formatSettings":{"type":"DelimitedTextReadSettings"},"datasetSettings":{"annotations":[],"linkedService":{"name":"ProjectLakehouse","properties":{"annotations":[],"type":"Lakehouse","typeProperties":{"workspaceId":"648ea184-55fa-48b3-b0ad-95e7021a2b22","artifactId":"[parameters('ProjectLakehouse')]","rootFolder":"Files"}}},"type":"DelimitedText","typeProperties":{"location":{"type":"LakehouseLocation","fileName":"taxi_zone_lookup.csv","folderPath":"nyctaxi_lookup_zones"},"columnDelimiter":",","escapeChar":"\\","firstRowAsHeader":true,"quoteChar":"\""},"schema":[]}},"sink":{"type":"DataWarehouseSink","allowCopyCommand":true,"copyCommandSettings":{},"tableOption":"autoCreate","datasetSettings":{"annotations":[],"linkedService":{"name":"ProjectWarehouse","properties":{"annotations":[],"type":"DataWarehouse","typeProperties":{"endpoint":"n4j4pv5zvk3efp6umflvjmlvxi-qsqy4zh2kwzurmfnsxtqegrlei.datawarehouse.fabric.microsoft.com","artifactId":"[parameters('ProjectWarehouse')]","workspaceId":"648ea184-55fa-48b3-b0ad-95e7021a2b22"}}},"type":"DataWarehouseTable","schema":[],"typeProperties":{"schema":"stg","table":"taxi_zone_lookup"}}},"enableStaging":true,"translator":{"type":"TabularTranslator","typeConversion":true,"typeConversionSettings":{"allowDataTruncation":true,"treatBooleanAsNumber":false}}}}],"lastModifiedByObjectId":"dc4ab991-24cc-44d4-aa88-9a0b4330f0eb","lastPublishTime":"2025-09-10T03:38:01Z"},"dependsOn":[]}]}