{"$schema":"http://schema.management.azure.com/schemas/2015-01-01/deploymentTemplate.json#","contentVersion":"1.0.0.0","parameters":{"FabricDataPipelines SKumbhar":{"type":"string"},"ProjectLakehouse":{"type":"string"},"ProjectWarehouse":{"type":"string"}},"variables":{},"resources":[{"name":"pl_orchestrate_nyctax","type":"pipelines","apiVersion":"2018-06-01","properties":{"activities":[{"name":"Invoke Staging Pipeline","type":"InvokePipeline","dependsOn":[],"policy":{"timeout":"0.12:00:00","retry":0,"retryIntervalInSeconds":30,"secureOutput":false,"secureInput":false},"typeProperties":{"waitOnCompletion":true,"operationType":"InvokeFabricPipeline","pipelineId":"7c1488dc-2f14-4e53-9e30-8c55f657df6c","workspaceId":"648ea184-55fa-48b3-b0ad-95e7021a2b22","parameters":{}},"externalReferences":{"connection":"[parameters('FabricDataPipelines SKumbhar')]"}},{"name":"Invoke Presentaion Pipeline","type":"InvokePipeline","dependsOn":[{"activity":"Invoke Staging Pipeline","dependencyConditions":["Completed"]}],"policy":{"timeout":"0.12:00:00","retry":0,"retryIntervalInSeconds":30,"secureOutput":false,"secureInput":false},"typeProperties":{"waitOnCompletion":true,"operationType":"InvokeFabricPipeline","pipelineId":"450f08ea-4ccb-4fcb-b93b-f3844665ddfc","workspaceId":"648ea184-55fa-48b3-b0ad-95e7021a2b22","parameters":{}},"externalReferences":{"connection":"[parameters('FabricDataPipelines SKumbhar')]"}}],"lastModifiedByObjectId":"dc4ab991-24cc-44d4-aa88-9a0b4330f0eb","lastPublishTime":"2025-09-12T01:15:48Z"},"dependsOn":[]},{"name":"pl_stage_processing_nyctax","type":"pipelines","apiVersion":"2018-06-01","properties":{"activities":[{"name":"Copy to Staging","type":"Copy","dependsOn":[{"activity":"v_date","dependencyConditions":["Completed"]}],"policy":{"timeout":"0.12:00:00","retry":0,"retryIntervalInSeconds":30,"secureOutput":false,"secureInput":false},"typeProperties":{"source":{"type":"ParquetSource","storeSettings":{"type":"LakehouseReadSettings","recursive":true,"enablePartitionDiscovery":false},"formatSettings":{"type":"ParquetReadSettings"},"datasetSettings":{"annotations":[],"linkedService":{"name":"ProjectLakehouse","properties":{"annotations":[],"type":"Lakehouse","typeProperties":{"workspaceId":"648ea184-55fa-48b3-b0ad-95e7021a2b22","artifactId":"[parameters('ProjectLakehouse')]","rootFolder":"Files"}}},"type":"Parquet","typeProperties":{"location":{"type":"LakehouseLocation","fileName":{"value":"@concat('yellow_tripdata_', variables('v_date'), '.parquet')","type":"Expression"},"folderPath":"nyctaxi_yellow"},"compressionCodec":"snappy"},"schema":[]}},"sink":{"type":"DataWarehouseSink","preCopyScript":"delete from stg.nyctaxi_yellow","allowCopyCommand":true,"copyCommandSettings":{},"disableMetricsCollection":false,"datasetSettings":{"annotations":[],"linkedService":{"name":"ProjectWarehouse","properties":{"annotations":[],"type":"DataWarehouse","typeProperties":{"endpoint":"n4j4pv5zvk3efp6umflvjmlvxi-qsqy4zh2kwzurmfnsxtqegrlei.datawarehouse.fabric.microsoft.com","artifactId":"[parameters('ProjectWarehouse')]","workspaceId":"648ea184-55fa-48b3-b0ad-95e7021a2b22"}}},"type":"DataWarehouseTable","schema":[],"typeProperties":{"schema":"stg","table":"nyctaxi_yellow"}}},"enableStaging":true,"translator":{"type":"TabularTranslator","typeConversion":true,"typeConversionSettings":{"allowDataTruncation":true,"treatBooleanAsNumber":false}}}},{"name":"SP Removing Outlier Dates","type":"SqlServerStoredProcedure","dependsOn":[{"activity":"v_end_date","dependencyConditions":["Completed"]}],"policy":{"timeout":"0.12:00:00","retry":0,"retryIntervalInSeconds":30,"secureOutput":false,"secureInput":false},"typeProperties":{"storedProcedureName":"[[stg].[data_cleaning_stg]","storedProcedureParameters":{"end_date":{"value":{"value":"@variables('v_end_date')","type":"Expression"},"type":"DateTime"},"start_date":{"value":{"value":"@concat(variables('v_date'),'-01')","type":"Expression"},"type":"DateTime"}}},"linkedService":{"name":"ProjectWarehouse","properties":{"annotations":[],"type":"DataWarehouse","typeProperties":{"endpoint":"n4j4pv5zvk3efp6umflvjmlvxi-qsqy4zh2kwzurmfnsxtqegrlei.datawarehouse.fabric.microsoft.com","artifactId":"[parameters('ProjectWarehouse')]","workspaceId":"648ea184-55fa-48b3-b0ad-95e7021a2b22"}}}},{"name":"v_end_date","type":"SetVariable","dependsOn":[{"activity":"Copy to Staging","dependencyConditions":["Completed"]}],"policy":{"secureOutput":false,"secureInput":false},"typeProperties":{"variableName":"v_end_date","value":{"value":"@addToTime(concat(variables('v_date'),'-01'),1,'Month' )","type":"Expression"}}},{"name":"SP Loading Staging Metadata","type":"SqlServerStoredProcedure","dependsOn":[{"activity":"SP Removing Outlier Dates","dependencyConditions":["Completed"]}],"policy":{"timeout":"0.12:00:00","retry":0,"retryIntervalInSeconds":30,"secureOutput":false,"secureInput":false},"typeProperties":{"storedProcedureName":"[[metadata].[insert_staging_metadata]","storedProcedureParameters":{"pipeline_run_id":{"value":{"value":"@pipeline().RunId","type":"Expression"},"type":"String"},"processed_date":{"value":{"value":"@pipeline().TriggerTime","type":"Expression"},"type":"DateTime"},"table_name":{"value":"staging_nyctaxi_yellow","type":"String"}}},"linkedService":{"name":"ProjectWarehouse","properties":{"annotations":[],"type":"DataWarehouse","typeProperties":{"endpoint":"n4j4pv5zvk3efp6umflvjmlvxi-qsqy4zh2kwzurmfnsxtqegrlei.datawarehouse.fabric.microsoft.com","artifactId":"[parameters('ProjectWarehouse')]","workspaceId":"648ea184-55fa-48b3-b0ad-95e7021a2b22"}}}},{"name":"Latest Processed Data","type":"Script","dependsOn":[],"policy":{"timeout":"0.12:00:00","retry":0,"retryIntervalInSeconds":30,"secureOutput":false,"secureInput":false},"linkedService":{"name":"ProjectWarehouse","properties":{"annotations":[],"type":"DataWarehouse","typeProperties":{"endpoint":"n4j4pv5zvk3efp6umflvjmlvxi-qsqy4zh2kwzurmfnsxtqegrlei.datawarehouse.fabric.microsoft.com","artifactId":"[parameters('ProjectWarehouse')]","workspaceId":"648ea184-55fa-48b3-b0ad-95e7021a2b22"}}},"typeProperties":{"scripts":[{"type":"Query","text":{"value":"\r\nselect top 1 \r\nlatest_processed_pickup \r\nfrom metadata.processing_log \r\nwhere table_processed = 'staging_nyctaxi_yellow'\r\norder by latest_processed_pickup desc;","type":"Expression"}}],"scriptBlockExecutionTimeout":"02:00:00"}},{"name":"v_date","type":"SetVariable","dependsOn":[{"activity":"Latest Processed Data","dependencyConditions":["Completed"]}],"policy":{"secureOutput":false,"secureInput":false},"typeProperties":{"variableName":"v_date","value":{"value":"@formatDateTime(addToTime(activity('Latest Processed Data').output.resultSets[0].rows[0].latest_processed_pickup, 1, 'Month'),'yyyy-MM')","type":"Expression"}}}],"variables":{"v_date":{"type":"String","defaultValue":"2024-01"},"v_end_date":{"type":"String"}},"lastModifiedByObjectId":"dc4ab991-24cc-44d4-aa88-9a0b4330f0eb","lastPublishTime":"2025-09-13T00:00:22Z"},"dependsOn":[]},{"name":"po_pres_processing_nyctaxi","type":"pipelines","apiVersion":"2018-06-01","properties":{"activities":[{"name":"Process to Presentation","type":"RefreshDataflow","dependsOn":[],"policy":{"timeout":"0.12:00:00","retry":0,"retryIntervalInSeconds":30,"secureOutput":false,"secureInput":false},"typeProperties":{"dataflowId":"a5269399-33e4-41ed-a23a-61ce7c96b7b4","workspaceId":"648ea184-55fa-48b3-b0ad-95e7021a2b22","notifyOption":"NoNotification","dataflowType":"DataflowFabric"}},{"name":"SP Loading Presentation Meta Data","type":"SqlServerStoredProcedure","dependsOn":[{"activity":"Process to Presentation","dependencyConditions":["Completed"]}],"policy":{"timeout":"0.12:00:00","retry":0,"retryIntervalInSeconds":30,"secureOutput":false,"secureInput":false},"typeProperties":{"storedProcedureName":"[[metadata].[insert_presentation_metadata]","storedProcedureParameters":{"pipeline_run_id":{"value":{"value":"@pipeline().RunId","type":"Expression"},"type":"String"},"processed_date":{"value":{"value":"@pipeline().TriggerTime","type":"Expression"},"type":"DateTime"},"table_name":{"value":"presentation_nyctaxi_yellow","type":"String"}}},"linkedService":{"name":"ProjectWarehouse","properties":{"annotations":[],"type":"DataWarehouse","typeProperties":{"endpoint":"n4j4pv5zvk3efp6umflvjmlvxi-qsqy4zh2kwzurmfnsxtqegrlei.datawarehouse.fabric.microsoft.com","artifactId":"[parameters('ProjectWarehouse')]","workspaceId":"648ea184-55fa-48b3-b0ad-95e7021a2b22"}}}}],"lastModifiedByObjectId":"dc4ab991-24cc-44d4-aa88-9a0b4330f0eb","lastPublishTime":"2025-09-12T01:06:57Z"},"dependsOn":[]}]}