{"$schema":"http://schema.management.azure.com/schemas/2015-01-01/deploymentTemplate.json#","contentVersion":"1.0.0.0","parameters":{"ProjectWarehouse":{"type":"string"}},"variables":{},"resources":[{"name":"po_pres_processing_nyctaxi","type":"pipelines","apiVersion":"2018-06-01","properties":{"activities":[{"name":"Process to Presentation","type":"RefreshDataflow","dependsOn":[],"policy":{"timeout":"0.12:00:00","retry":0,"retryIntervalInSeconds":30,"secureOutput":false,"secureInput":false},"typeProperties":{"dataflowId":"a5269399-33e4-41ed-a23a-61ce7c96b7b4","workspaceId":"648ea184-55fa-48b3-b0ad-95e7021a2b22","notifyOption":"NoNotification","dataflowType":"DataflowFabric"}},{"name":"SP Loading Presentation Meta Data","type":"SqlServerStoredProcedure","dependsOn":[{"activity":"Process to Presentation","dependencyConditions":["Completed"]}],"policy":{"timeout":"0.12:00:00","retry":0,"retryIntervalInSeconds":30,"secureOutput":false,"secureInput":false},"typeProperties":{"storedProcedureName":"[[metadata].[insert_presentation_metadata]","storedProcedureParameters":{"pipeline_run_id":{"value":{"value":"@pipeline().RunId","type":"Expression"},"type":"String"},"processed_date":{"value":{"value":"@pipeline().TriggerTime","type":"Expression"},"type":"DateTime"},"table_name":{"value":"presentation_nyctaxi_yellow","type":"String"}}},"linkedService":{"name":"ProjectWarehouse","properties":{"annotations":[],"type":"DataWarehouse","typeProperties":{"endpoint":"n4j4pv5zvk3efp6umflvjmlvxi-qsqy4zh2kwzurmfnsxtqegrlei.datawarehouse.fabric.microsoft.com","artifactId":"[parameters('ProjectWarehouse')]","workspaceId":"648ea184-55fa-48b3-b0ad-95e7021a2b22"}}}}],"lastModifiedByObjectId":"dc4ab991-24cc-44d4-aa88-9a0b4330f0eb","lastPublishTime":"2025-09-12T01:06:57Z"},"dependsOn":[]}]}